dephasing,cap,thresh_2,thresh_3,mirror,samples,seed,gens_mean,frac_all_gens,frac_cap_hit,final_n_mean,births_2_mean,births_3_mean,mean_cf,min_cf,mean_purity,min_purity,mean_entropy,mirror_gain,max_trace_err,min_eig,runtime_s
0.05,96,0.8,0.86,on,40,42,3.85,0.1,0.95,93.425,61.3,26.125,0.817968,0.661643,0.999986,0.999862,2.24738e-05,0.0208106,1.77636e-15,-5.47332e-16,14.523
0.05,96,0.8,0.86,off,40,42,3.875,0.075,0.95,92.475,63.85,22.625,0.758349,0.611631,0.831226,0.795081,0.167958,0,1.7486e-13,0.00107814,6.67747
0.5,96,0.8,0.86,on,40,42,3.7,0.05,1,96,63.85,26.15,0.797437,0.643298,0.99996,0.999839,7.88881e-05,0.0208596,2.22045e-15,-4.6302e-16,14.4131
0.5,96,0.8,0.86,off,40,42,3.15,0,1,96,64.925,25.075,0.41686,0.349186,0.304094,0.286949,0.647522,0,8.4821e-14,0.00651821,5.58898
2,96,0.8,0.86,on,40,42,3.65,0.025,1,96,63.5,26.5,0.836043,0.680368,0.99882,0.997604,0.00188267,0.0236826,1.77636e-15,8.25693e-15,13.9506
2,96,0.8,0.86,off,40,42,2.575,0,1,96,47.725,42.275,0.113874,0.0964884,0.0533819,0.0503845,0.949251,0,5.14033e-14,0.0154553,5.52019
0.05,96,0.85,0.91,on,40,42,4.425,0.225,0.85,85.975,57.575,22.4,0.831216,0.681058,0.999992,0.999939,1.41933e-05,0.0190628,1.77636e-15,-5.43152e-16,13.0527
0.05,96,0.85,0.91,off,40,42,4.575,0.225,0.85,88.4,59.3,23.1,0.745152,0.59915,0.81264,0.785908,0.186137,0,1.90514e-13,0.00110215,5.75291
0.5,96,0.85,0.91,on,40,42,4.65,0.3,0.875,88.675,63.2,19.475,0.819935,0.655924,0.999968,0.999929,6.61009e-05,0.0195159,1.77636e-15,-4.2142e-16,14.1671
0.5,96,0.85,0.91,off,40,42,3.675,0.075,1,96,65.6,24.4,0.406854,0.323402,0.263544,0.250702,0.690165,0,1.08913e-13,0.00858481,4.45621
2,96,0.85,0.91,on,40,42,4.675,0.275,0.875,87.725,59.75,21.975,0.832429,0.688807,0.998774,0.99755,0.00195508,0.0217194,1.77636e-15,3.65921e-15,15.2702
2,96,0.85,0.91,off,40,42,2.725,0,1,96,51.4,38.6,0.101444,0.0852833,0.0488334,0.0465106,0.957788,0,5.06262e-14,0.0160451,5.9863
0.05,96,0.88,0.92,on,40,42,5.225,0.575,0.525,64.275,42.225,16.05,0.851566,0.695118,0.999996,0.999972,7.55124e-06,0.0170134,1.77636e-15,-5.35407e-16,10.882
0.05,96,0.88,0.92,off,40,42,5.125,0.475,0.625,69.95,46.275,17.675,0.76345,0.627885,0.799162,0.775007,0.199172,0,1.88072e-13,0.00111316,4.30711
0.5,96,0.88,0.92,on,40,42,5.3,0.625,0.525,64.6,42.175,16.425,0.845995,0.686629,0.999968,0.999945,6.82082e-05,0.0176649,1.9984e-15,-4.44237e-16,11.5817
0.5,96,0.88,0.92,off,40,42,3.75,0.05,1,96,60.45,29.55,0.401406,0.323904,0.257346,0.246149,0.69673,0,1.11244e-13,0.00625764,4.78376
2,96,0.88,0.92,on,40,42,5.275,0.6,0.475,60.4,39.45,14.95,0.831273,0.68409,0.998685,0.997572,0.00209938,0.0198298,1.77636e-15,5.04689e-15,9.76664
2,96,0.88,0.92,off,40,42,2.85,0,1,96,58.55,31.45,0.0887679,0.0749051,0.0449126,0.0431179,0.964985,0,5.16254e-14,0.0163729,4.94331
0.05,96,0.9,0.92,on,40,42,5.5,0.725,0.4,54.4,33.35,15.05,0.835068,0.696979,0.999997,0.999977,5.31881e-06,0.0164124,1.66533e-15,-5.93338e-16,9.71054
0.05,96,0.9,0.92,off,40,42,5.25,0.6,0.525,63.975,39.35,18.625,0.740415,0.615531,0.799234,0.777608,0.199822,0,1.82299e-13,0.00108109,3.24299
0.5,96,0.9,0.92,on,40,42,5.6,0.775,0.3,41.825,24.475,11.35,0.847896,0.713114,0.999964,0.999945,7.70272e-05,0.0167218,1.66533e-15,-4.71347e-16,7.97632
0.5,96,0.9,0.92,off,40,42,4.4,0.225,0.925,90.675,52.6,32.075,0.361631,0.290725,0.212013,0.202426,0.745512,0,1.13021e-13,0.00853578,5.01156
2,96,0.9,0.92,on,40,42,5.725,0.85,0.275,39.475,24.475,9,0.844507,0.70087,0.998304,0.997563,0.00269996,0.0196413,1.77636e-15,9.82246e-15,8.5086
2,96,0.9,0.92,off,40,42,2.975,0,1,96,59.05,30.95,0.08112,0.0668506,0.0421829,0.0405594,0.970222,0,5.93969e-14,0.0163409,5.28343
