final_n,births_2,births_3,jumps,mean_cf,std_cf,min_cf,prot,gens,bin_mean,bin_std,ter_mean,ter_std,found_mean
48,24,18,0,0.9752045380945894,3.22644888468274e-05,0.9751626500340723,1.0,2,0.9752164051155369,2.884621924788002e-05,0.9751869978837175,2.796269945344407e-05,0.9752096906434153
48,33,9,1,0.9752415631641904,0.00012790801458152336,0.9749126068722759,1.0,3,0.9752225147574946,0.00013402793281084506,0.9753231716104886,1.2726788132054368e-05,0.9752239167315699
48,37,5,0,0.9752529213047234,2.475707351402556e-05,0.975210697315809,1.0,2,0.9752503645761832,2.526273908999892e-05,0.9752728899921648,8.432387397049935e-06,0.9752520472245211
48,26,16,1,0.966428507870762,0.06041302335101285,0.5522577188082968,1.0,2,0.9752490818069167,2.4363267743998295e-05,0.975232056689862,1.9615124039582236e-05,0.9047298906298243
48,36,6,0,0.9752555181276886,3.6019546671060425e-05,0.975208579344881,1.0,2,0.9752552395724917,3.743098907516623e-05,0.9752654292093985,2.4303246391085443e-06,0.9752472783771603
48,27,15,1,0.9662651968269428,0.06155368812990412,0.5442744038909438,1.0,2,0.9752490680919228,2.6274225716773515e-05,0.9752360907642125,5.855670731445837e-06,0.9034105412913606
48,17,25,1,0.9560579795873169,0.13162527547048633,0.053680588706863624,1.0,2,0.9752498447906528,3.0311785553305552e-05,0.9752640796912014,3.882256084163052e-05,0.8216556110783451
48,37,5,1,0.9667134337718761,0.058592183084208375,0.5650256886404726,1.0,2,0.9752618435166119,2.018432649806135e-05,0.9752542171377998,1.1434300952135507e-05,0.9068809208744028
48,31,11,1,0.9689905784710389,0.030399421538979413,0.8003061796896718,1.0,2,0.9655511288167704,0.0373831610198623,0.9752694087443122,2.3024494116239554e-05,0.9752498795170913
48,26,16,0,0.9752570836543062,2.700902275976169e-05,0.9752154443697433,1.0,2,0.9752647757573754,2.911910762317523e-05,0.9752495576996484,1.572117179833967e-05,0.9752438204200936
48,17,25,0,0.9752423322675564,2.9323298636730068e-05,0.9751726560073599,1.0,2,0.9752391297517238,3.1046970922723555e-05,0.9752474967725773,2.5765234032346353e-05,0.9752298872914952
48,24,18,0,0.9752540327690943,1.860932845564918e-05,0.9752091074528557,1.0,2,0.9752634564381898,1.817964561173427e-05,0.975244457693812,8.193634478054842e-06,0.9752450633185594
48,36,6,2,0.9600669119126083,0.07313312291610129,0.5751973931396098,1.0,2,0.9752408037335447,2.4454191323702995e-05,0.8538638653285209,0.17290818102408642,0.9752266075710763
48,37,5,0,0.9752478779062459,3.404560866296723e-05,0.9751749336637691,1.0,2,0.9752479515518386,3.208511192410948e-05,0.9752303079165342,1.7715849865643103e-05,0.975262065416516
48,36,6,0,0.975263384589498,3.879680136824845e-05,0.9751959273425463,1.0,2,0.9752656368373638,3.8949882815119174e-05,0.9752549173244534,1.1066060046666021e-05,0.9752583383673484
48,15,27,1,0.954910417120618,0.13928800223966206,0.0,1.0,2,0.9102149245915213,0.2432651725886525,0.9752275816185438,2.5148847598244653e-05,0.9752219082026943
48,22,20,1,0.9671892203424779,0.0550748040277405,0.589615490843814,1.0,2,0.9752291869564609,4.226727907891872e-05,0.9752074123216404,1.9759460294032183e-05,0.9109820361606645
48,17,25,1,0.9673371315236832,0.054210526637651496,0.595688647064991,1.0,2,0.9529193416417546,0.08930768453695638,0.9752415276035332,5.4328415886544345e-05,0.9752525525231054
48,23,19,0,0.9752266348482476,2.366249276940572e-05,0.9751957929585954,1.0,2,0.9752173765030036,2.1088260946359148e-05,0.9752390176054333,2.1556299237956247e-05,0.9752229131072626
48,31,11,0,0.9752744073564008,3.890485866070041e-05,0.9752353513486748,1.0,2,0.9752799724244618,3.792366975286844e-05,0.9752564168050434,1.552690574206919e-05,0.9752786371822401
48,39,3,0,0.975266318988047,3.1424319426112164e-05,0.9751947166796483,1.0,2,0.975267105424824,2.969765194171918e-05,0.9752460094684392,3.89533462256502e-05,0.9752713619088021
48,40,2,0,0.9752677101970532,3.7669291773963126e-05,0.9752058293303655,1.0,2,0.97526776302601,3.715212022632704e-05,0.9752740272565136,1.0704349215906461e-06,0.9752652523175204
48,22,20,0,0.9752647261180755,2.380598087315472e-05,0.9752326820330599,1.0,2,0.9752649798948341,1.7932621410744734e-05,0.9752635384208095,2.7491589880407742e-05,0.9752677545941794
48,26,16,0,0.9752688692102475,4.8210159382361104e-05,0.9751604567856166,1.0,2,0.9752571372902068,4.406758731724782e-05,0.9752924238749526,4.2162190462177836e-05,0.975256895091209
48,18,24,1,0.9742988754555197,0.0034061595186591696,0.9587948674813719,1.0,2,0.9735438273006154,0.003920502288183688,0.9753174013487967,0.00012344893222224375,0.9724899163471247
48,36,6,0,0.9752273431192112,4.007203670559086e-05,0.9751551925494543,1.0,2,0.9752264604306649,4.0368717800689523e-05,0.9752286067234667,3.6667532853466246e-05,0.9752313756462314
48,18,24,1,0.9752667339934774,3.7872618056238044e-05,0.9751953984925485,1.0,2,0.9752749116617934,3.2856447674909064e-05,0.9752631998700423,3.7465526478978185e-05,0.9752563374822701
48,38,4,1,0.9742433994939009,0.006581004719364494,0.9291595494629704,1.0,2,0.975194228209143,0.0002826694949335988,0.9637212772712289,0.01995422830763615,0.9752362324458148
48,32,10,1,0.975242960448945,6.175515014786745e-05,0.9751743829779592,1.0,2,0.9752519911145237,5.946633632528886e-05,0.9752121784929584,1.9502897090948985e-05,0.9752461001591706
48,22,20,1,0.9627261420443674,0.08591955160629632,0.37369142605383665,1.0,2,0.9752493355212455,3.414571350032857e-05,0.9752745050056875,3.1721989015219924e-05,0.8749798894247479
48,37,5,0,0.975261716306564,2.460018969108695e-05,0.9752268638971828,1.0,2,0.9752623803285527,2.4142213827979012e-05,0.9752475407326212,1.912943071332228e-05,0.9752694344825844
48,26,16,0,0.9752626681075235,3.378850611624657e-05,0.9752018573993917,1.0,2,0.9752585836663308,3.321962081791435e-05,0.9752737366290707,3.0291365174285174e-05,0.9752508512952325
48,33,9,2,0.9677208035058752,0.050775904891784344,0.6197088769854884,1.0,2,0.9753097994513951,0.00014405033373589464,0.9348764440133639,0.11145665713170563,0.9752478650442833
48,38,4,0,0.9752669325758255,3.844067813808432e-05,0.975225427969023,1.0,2,0.9752684518271089,3.8897472105087625e-05,0.9752443165099877,9.934045075552488e-06,0.975272388028258
48,16,26,2,0.9379991879686109,0.06927027785335965,0.6635478867311424,1.0,2,0.933693203894808,0.06163710402035482,0.9387379089964427,0.07433984232259574,0.9462806877114804
48,27,15,0,0.9752626306646098,2.6739338571308077e-05,0.975193243654209,1.0,2,0.9752591257127948,2.6610315080694443e-05,0.9752771669347546,1.3529233505211676e-05,0.9752420622724142
48,36,6,1,0.9709557550367199,0.029348533050973145,0.7697524308705438,1.0,2,0.9752343345277519,2.514030362885396e-05,0.9752675646454411,1.1383730149926374e-05,0.9409724684818074
48,21,21,2,0.9614563633570015,0.09331035847407063,0.32187461344334634,1.0,3,0.9442136295785505,0.1391592349367993,0.9753467068707644,7.308420765343518e-06,0.9731897292834087
48,25,17,0,0.9753289985891237,2.155738158955962e-05,0.9752715083671285,1.0,3,0.9753239260116021,1.78473610955978e-05,0.9753465343835567,8.238884676408192e-06,0.9753004495779044
48,28,14,0,0.9752714386522446,2.9350423244373456e-05,0.9752152378099133,1.0,2,0.9752780187502044,3.0208884722050347e-05,0.9752574515302631,1.2935557984587435e-05,0.9752733681463893
