final_n,births_2,births_3,mean_cf,std_cf,min_cf,prot,gens,bin_mean,bin_std,ter_mean,ter_std,found_mean,mean_purity,min_purity,mean_entropy,mirror_gain,max_trace_err,max_herm_err,min_eig,max_pop
48,37,5,0.7619236590624748,0.06093271568228237,0.7040461583463598,1.0,2,0.7611752546834603,0.06160985421808308,0.7819856179695802,0.05751459956540761,0.7498205203104783,0.9011418086442703,0.8597162264377846,0.10200487904419964,0.0,4.5852210917018965e-14,0.0,0.0007275610492181621,48
48,15,27,0.8423597267138359,0.033284540999350326,0.7243871764812626,1.0,2,0.8378580106799344,0.038385986998267646,0.8504760693039036,0.013935667556592002,0.8170904751432843,0.8916068908615525,0.8368114016302848,0.10925359588780764,0.0,4.141131881851834e-14,0.0,0.0007257381208321434,48
48,21,21,0.7190529074830162,0.06119164714541208,0.607173070037033,1.0,3,0.7179853587495596,0.06114265079869301,0.7171201811122556,0.05213643557933757,0.7295538703477759,0.8704591333406538,0.8386486278167373,0.13350755594029248,0.0,6.94999613415348e-14,0.0,0.0011052113055598975,48
48,34,8,0.8212780184484232,0.05027632220001781,0.7216911195827374,1.0,2,0.8204052604435264,0.053053040663922975,0.8414704016828032,0.01561379618545413,0.7993004694969992,0.8861674562942956,0.8257782075420779,0.1116401931362332,0.0,4.729550084903167e-14,0.0,0.0007202078958362034,48
48,25,17,0.8648596347664418,0.029140810328495362,0.7361892320488986,1.0,2,0.8792999402975128,0.016802117953883065,0.8571621965842261,0.01091645677032201,0.8265011032365893,0.9022357551769268,0.866033696344411,0.10206692183869086,0.0,4.0190073491430667e-14,0.0,0.0007220586474499055,48
48,27,15,0.7359206025465296,0.027318967546658773,0.685431530596562,1.0,2,0.7317849324037562,0.03257435512830702,0.7323797452954336,0.00893328375880937,0.7633832613167503,0.8952076056604383,0.8337095482004582,0.1060767411686987,0.0,4.5075054799781356e-14,0.0,0.0007219966869665983,48
48,33,9,0.6691623781945865,0.0690576835808711,0.576370486830537,1.0,3,0.6671638724123617,0.07459546753365902,0.6661722423541022,0.06914072457048302,0.6846393637575487,0.8515756480394042,0.8096748269675036,0.14555466829958819,0.0,6.88338275267597e-14,0.0,0.0011109838059566988,48
48,37,5,0.7153300402924887,0.09874965564504516,0.5927137889100966,1.0,3,0.7077295578534066,0.09606771202208013,0.7107439574582874,0.09756100192621651,0.7660214176953294,0.848775061757962,0.8005833654272854,0.1476097081168449,0.0,7.30526750203353e-14,0.0,0.0011025036190012599,48
48,21,21,0.7456036629282629,0.07326034484820818,0.6429691716706084,1.0,3,0.7194846915399554,0.05187190751662185,0.7629512844421246,0.07454567450548036,0.7763033874888235,0.8564558845617558,0.8221989312520936,0.1426028892969747,0.0,7.083222897108499e-14,0.0,0.0011094338547953794,48
48,37,5,0.7388067102616581,0.10694494018280727,0.5996529124051705,1.0,3,0.7370140405427732,0.10707763614714726,0.7732202921542958,0.12105949779970177,0.721183521950917,0.8575423398311957,0.826463804404471,0.14142175182721659,0.0,6.994405055138486e-14,0.0,0.0010912281388236007,48
48,38,4,0.809773694982737,0.06729627936599046,0.7000068251166374,1.0,2,0.8140501841582412,0.06921843276425414,0.8053831615427256,0.04575172103480083,0.785616285831218,0.8863656481533551,0.8322373667558004,0.1113688058820359,0.0,4.4853010194856324e-14,0.0,0.0007171930792989525,48
48,38,4,0.8028187935683061,0.06658903242033717,0.6989406415854568,1.0,2,0.7995618691724956,0.06460180061765718,0.873079055587909,0.012100070853759984,0.7766058067287043,0.8931611082881905,0.8496516588408265,0.10738825226539968,0.0,4.451994328746878e-14,0.0,0.000711374333838007,48
48,27,15,0.7259974730735301,0.08353417446321174,0.5865231189977813,1.0,3,0.7089273338343401,0.07698582711401851,0.7258178997214534,0.05932037167092932,0.8032620330300766,0.8545045009044235,0.8051837444715513,0.14424712148950128,0.0,7.038813976123492e-14,0.0,0.0010823832644208786,48
48,22,20,0.7957398561696428,0.06457218373401043,0.6970765418877826,1.0,2,0.792862748779116,0.07114667599523429,0.8044391332350781,0.05709067087972362,0.7772916597167904,0.8909325936879396,0.8532256670611976,0.10896714911926697,0.0,4.5852210917018965e-14,0.0,0.0007185124083725363,48
48,21,21,0.6861917700006076,0.07129258900816327,0.6059343057825954,1.0,3,0.6824609275290543,0.06148863630775944,0.6662671683108136,0.049107978684905386,0.7689858245653233,0.8588331693022769,0.80636198735086,0.14120803090440714,0.0,7.505107646466058e-14,0.0,0.0011177242478421637,48
48,32,10,0.7524090311671343,0.05860257098941902,0.6556857079868559,1.0,2,0.7503528010056085,0.05830847989046085,0.7473204470638402,0.055998860687571074,0.771856565534096,0.8815235331550677,0.8347974968444218,0.11550862925368126,0.0,4.551914400963142e-14,0.0,0.000723996718429275,48
48,35,7,0.7558022289373622,0.054896530702347804,0.6754445189501519,1.0,2,0.7537973223084472,0.05708975563672829,0.7733388517175828,0.0365244825157366,0.7470381243624419,0.8896157999566028,0.8267896744238491,0.11023572395771382,0.0,4.696243394164412e-14,0.0,0.0007191377319458653,48
48,22,20,0.7989989380642398,0.059964273837098576,0.7270626945433788,1.0,2,0.8110468218983918,0.05576332751255667,0.785102405851567,0.061819482196489986,0.8011451380479251,0.8898347776176415,0.8585398438553604,0.10958442380528217,0.0,4.707345624410664e-14,0.0,0.0007223703587315483,48
48,27,15,0.7415015943354537,0.050473438708737925,0.6712126621067821,1.0,2,0.742954698102781,0.058097074425794405,0.7325563097062668,0.021309452688924372,0.7573258389554476,0.8962889982224397,0.8626580150710643,0.10538272142880765,0.0,4.884981308350689e-14,0.0,0.0007298004033759629,48
48,19,23,0.7305485935011437,0.052090244007219684,0.6699638292450165,1.0,2,0.7382791361419812,0.05409856069084994,0.7177099942538341,0.048496862481657604,0.755283172253178,0.886774099617509,0.8514043170519573,0.11210598708027882,0.0,4.3076653355456074e-14,0.0,0.0007329228507312971,48
48,36,6,0.6946969776279263,0.07055482785296209,0.6182205589200865,1.0,3,0.6933754540542372,0.06912007757112135,0.6626870579812789,0.036742763631241564,0.7346360387167089,0.8418801049873429,0.7692729408913961,0.15170875309424278,0.0,7.349676423018536e-14,0.0,0.0011202879116276314,48
48,34,8,0.6714721407621277,0.039178457174419506,0.5995405818697715,1.0,3,0.6654843812618659,0.03813500715054862,0.6921736679120402,0.047830868298251,0.6778007417303947,0.8542084450413308,0.8070663252971196,0.1441868057822733,0.0,6.88338275267597e-14,0.0,0.0011035012727942475,48
48,18,24,0.829746807826568,0.058483832269286995,0.7134878883594705,1.0,2,0.8233483328337059,0.059180877176957,0.8462369051999082,0.04884671282903273,0.7829818433117927,0.8897148409502199,0.8454181063437078,0.11025564431770064,0.0,4.574118861455645e-14,0.0,0.0007250974774070229,48
48,15,27,0.720484832977618,0.04226525436225962,0.6550476334526536,1.0,2,0.7094509608190093,0.03768913192421572,0.717847763458599,0.03784289547203204,0.7599363262097243,0.8895451889103256,0.8458871032787458,0.11042443077748543,0.0,4.7406523151494184e-14,0.0,0.0007220894648104544,48
48,34,8,0.8503426985814171,0.04847501605179523,0.7246226614307746,1.0,2,0.8532585303121113,0.0412196865944719,0.8747653480161883,0.036456441726800855,0.8012561195277873,0.8866236748242965,0.8327479861784906,0.11173613080605599,0.0,4.3076653355456074e-14,0.0,0.0007128923596205415,48
48,36,6,0.7495258713561183,0.04910890352660997,0.6800483591427307,1.0,2,0.7425735658989223,0.04912505033942468,0.7739101618868601,0.048169115058840146,0.7668554135685522,0.8867387203825693,0.8267197806330184,0.11119350386197523,0.0,4.3520742565306136e-14,0.0,0.0007320984376855626,48
48,32,10,0.7506844811912369,0.08814612279535948,0.6102785437478597,1.0,3,0.764463880185549,0.08948793528374613,0.7480326904538456,0.08792491196838498,0.6816140044505582,0.8538883499121134,0.8067524332522515,0.14423118615512037,0.0,6.539213615042172e-14,0.0,0.001109839908122747,48
48,37,5,0.7720704921106406,0.08335168368021989,0.5241047736561985,1.0,4,0.7717425856424983,0.07381654250134359,0.7017836823805541,0.12233533500955288,0.8326649234392579,0.8182061452952635,0.7671194498224342,0.17731865151449955,0.0,1.1002310174035301e-13,0.0,0.0014357236130554851,48
48,36,6,0.8736563470508317,0.023446266211150632,0.7654884804005718,1.0,2,0.8753015545717084,0.01810905950182119,0.8903595098799443,0.009413399825388852,0.8470819390964582,0.8988079321207918,0.8590947428044846,0.10415380804932611,0.0,4.196643033083092e-14,0.0,0.0007249551463757881,48
48,30,12,0.7887899544342494,0.10833777773162112,0.5084804292590934,1.0,4,0.8137511299725482,0.09314100096872743,0.7051117090570473,0.1175434706186646,0.8313405674971603,0.824787996499072,0.7783886274303595,0.1725464642200206,0.0,1.2390088954816747e-13,0.0,0.0014577752116727565,48
48,20,22,0.8148621357218288,0.05832089529967582,0.6820028400478084,1.0,2,0.8173692628013974,0.05784328466117922,0.8189603049480394,0.054464095660879036,0.7914784249604936,0.8903627051553107,0.8360750702727917,0.10986105047448709,0.0,4.929390229335695e-14,0.0,0.0006809644610320465,48
48,28,14,0.7878394573023596,0.11344948233471491,0.6042127278027077,1.0,3,0.8062875939125622,0.11383872689927635,0.7588916936407072,0.10996932869747905,0.7692929349986025,0.858479698854091,0.8205183068552573,0.14122759470681936,0.0,7.505107646466058e-14,0.0,0.001101415099361556,48
48,29,13,0.7878350396712296,0.0713962033908833,0.701762269427846,1.0,2,0.7995806513176359,0.07089362323627924,0.7771734344431882,0.07178405301875526,0.7541647280410216,0.8931876138507769,0.8594091205854265,0.10790344093231037,0.0,4.4853010194856324e-14,0.0,0.0007284599832572417,48
48,34,8,0.8120095652127607,0.05614951429351994,0.6941417661825982,1.0,2,0.8107573051844374,0.05662247730213121,0.8478033197791637,0.038613555980094874,0.7713806992847211,0.8854345822780055,0.8179729031427844,0.11217127969069417,0.0,4.440892098500626e-14,0.0,0.0007167670697327813,48
48,28,14,0.7375796934132942,0.02481805735692432,0.6748486299849488,1.0,2,0.741096598493865,0.02840480815689557,0.7273612390367435,0.017272015551379465,0.7450105299159148,0.9022405325412639,0.8598556053367561,0.10151685707974688,0.0,4.729550084903167e-14,0.0,0.0007152873205527038,48
48,22,20,0.7193834037346362,0.08324492830437234,0.6131432403695114,1.0,3,0.7217040765646706,0.09226085263171577,0.691941885067103,0.026139963296598855,0.8023459989162873,0.8587819165879355,0.82689874597427,0.14122364374272486,0.0,7.671641100159832e-14,0.0,0.0011091735058608703,48
48,27,15,0.7978042070525535,0.07104499053126301,0.6780674036194145,1.0,2,0.7944363495187177,0.07485218400535446,0.8125201651421108,0.06307288351704196,0.7761696707309215,0.8856887775719483,0.8247490572368286,0.11218109678582526,0.0,4.4075854077618715e-14,0.0,0.000718611544964204,48
48,22,20,0.8180418305595816,0.07301585104742052,0.6887296249589422,1.0,2,0.8169318503651767,0.0763701324662002,0.8271887459079125,0.06265675108934667,0.791622040111296,0.8940973416754799,0.8519347610155656,0.10723765003170088,0.0,4.851674617611934e-14,0.0,0.0007044090165650637,48
48,24,18,0.807999427203424,0.07191754644011651,0.6627732282118918,1.0,3,0.8267496806466045,0.06654551685536628,0.7894267226752192,0.04438648824391638,0.7887165270153167,0.8607775905294407,0.8252458691059001,0.13976960965456886,0.0,6.905587213168474e-14,0.0,0.0011096691970561812,48
48,16,26,0.7622304146664408,0.09315479902804472,0.6126503208876624,1.0,3,0.7554141568314918,0.08013975409607003,0.7579664553820928,0.092771989262355,0.7988842591251445,0.8536214680819301,0.780030517681157,0.1444455195500222,0.0,7.038813976123492e-14,0.0,0.0011256110974844462,48
